Term Officers Fall 2024 General Managers Jaysa Garcia <jaysa> Jonathan Zhang <rjz> Site Managers Oliver Ni <oliverni> Michael Lisano <lemurseven> Committee Heads Internal Joseph Wang <storce> Luke Peters <lukepeters> Finance Aditya Mangalampalli <adi> DeCal Kian Sutarwala <kian> Albert Ye <aly> Spring 2024 General Managers Bryan Li <bryli> Ronit Nath <ronitnath> Site Managers Oliver Ni <oliverni> Nikhil Jha <njha> Committee Heads Internal Aditya Mangalampalli <adi> External Isabelle Nurzhanov <inurzhanov> Finance Anirudh Suresh <anirudhsuresh> DeCal Jaysa Garcia <jaysa> Kian Sutarwala <kian> Fall 2023 General Managers Darlnim Park <dapark> Jaysa Garcia <jaysa> Site Managers Oliver Ni <oliverni> Jonathan Zhang <rjz> Committee Heads Internal Bryan Li <bryli> Trinity Chung <trinityc> Yehchan Yoo <yehchanyoo> External Andrei Dones <anddone> Benjamin Torres <btorres> Ethan Hu <ethanhu> Finance Aditya Mangalampalli <adi> Anirudh Suresh <anirudhsuresh> Yehchan Yoo <yehchanyoo> DeCal Aditya Mangalampalli <adi> Benjamin Torres <btorres> Trinity Chung <trinityc> Spring 2023 General Managers Kian Sutarwala <kian> Nikhil Ograin <ncograin> Site Managers Ethan Wu <etw> Nikhil Jha <njha> Committee Heads Internal Eric Yang <ericyang> Ethan Hu <ethanhu> Darlnim Park <dapark> External Andrei Dones <anddone> Ethan Hu <ethanhu> Benjamin Torres <btorres> Finance Aditya Mangalampalli <adi> Jonathan Zhang <rjz> Trinity Chung <trinityc> DeCal Laksith Venkatesh Prabu <laksith> Lance Mathias <lmathias> Ishaan Dham <idham> Fall 2022 General Managers Justin Zhang <jyxzhang> Nikhil Jha <njha> Site Managers Jonathan Zhang <rjz> Ethan Wu <etw> Committee Heads Internal Kian Sutarwala <kian> Bryan Li <bryli> Ben Cuan <bencuan> External Andrei Dones <anddone> Finance Saurabh Narain <snarain> Ben Cuan <bencuan> DeCal Lance Mathias <lmathias> Laksith Venkatesh Prabu <laksith> Ishaan Dham <idham> Spring 2022 General Managers Justin Zhang <jyxzhang> Ben Cuan <bencuan> Site Managers Jonathan Zhang <rjz> Ethan Wu <etw> Committee Heads Internal Kian Sutarwala <kian> Bryan Li <bryli> External Nikhil Ograin <ncograin> Andrei Dones <anddone> Finance Saurabh Narain <snarain> Raymond Huang <rayh> Nicholas Berberi <ncberberi> DeCal Lance Mathias <lmathias> Laksith Venkatesh Prabu <laksith> Fall 2021 General Managers Saurabh Narain <snarain> Nicholas Berberi <ncberberi> Site Managers Emma Smith <ethanhs> Nikhil Jha <njha> Committee Heads Internal Jonathan Zhang <rjz> Ronit Nath <ronitnath> Industry and Alumni Relations Kevin Mo <kmo> Finance Raymond Huang <rayh> Ronit Nath <ronitnath> Communications Jonathan Zhang <rjz> Justin Zhang <jyxzhang> DeCal Ben Cuan <bencuan> Spring 2021 General Managers Kevin Mo <kmo> Saurabh Narain <snarain> Site Managers Nikhil Jha <njha> Frank Dai <fydai> Committee Heads Internal Ja (Thanakul) Wattanawong <jaw> Ronit Nath <ronitnath> Industry and Alumni Relations Ryan-chan <rrchan> Andrew Aikawa <asai> Finance Nicholas Berberi <ncberberi> Ronit Nath <ronitnath> Communications Ben Cuan <bencuan> Ronit Nath <ronitnath> DeCal Ben Cuan <bencuan> Leo Huang <hexhu> Fall 2020 General Managers Derek Phan <dphan> Kevin Mo <kmo> Site Managers Frank Dai <fydai> Ja (Thanakul) Wattanawong <jaw> Committee Heads University Affairs Derek Phan <dphan> Kevin Mo <kmo> Internal Wilson Nguyen <wqnguyen> Saurabh Narain <snarain> Industry and Alumni Relations Bernard Zhao <bernardzhao> Finance Nicholas Berberi <ncberberi> Communications Saurabh Narain <snarain> Brian Blair <nint> DeCal Nikhil Jha <njha> Ben Cuan <bencuan> Bernard Zhao <bernardzhao> Spring 2020 General Managers Derek Phan <dphan> Bernard Zhao <bernardzhao> Site Managers Christopher Cooper <cooperc> Ja (Thanakul) Wattanawong <jaw> Committee Heads University Affairs Derek Phan <dphan> Bernard Zhao <bernardzhao> Internal Patricia Hanus <php> Kevin Mo <kmo> Industry and Alumni Relations Andrew Aikawa <asai> Rachel Trujillo <rachy> Finance Nicholas Berberi <ncberberi> Brian Blair <nint> Communications Rachel Trujillo <rachy> (12/21/19–03/08/20) Saurabh Narain <snarain> (acting) (03/30/20–04/06/20) Saurabh Narain <snarain> (04/06/20–05/15/20) DeCal Edric Xiang <exiang> Ben Cuan <bencuan> Kevin Mo <kmo> Fall 2019 General Managers Christopher Cooper <cooperc> Patricia Hanus <php> Site Managers Emma Smith <ethanhs> (05/18/19–11/18/19) Frank Dai <fydai> Spring 2019 General Managers Abizer Lokhandwala <abizer> Alexander Byron Welty <awelty> Deputies: Andrew Aikawa <asai> Site Managers Benjamin Zhang <bzh> Daniel Kessler <dkessler> Deputies: Emma Smith <ethanhs> Christopher Cooper <cooperc> Fall 2018 General Managers Andrew Aikawa <asai> (05/12/18–11/07/18) Alexander Byron Welty <awelty> (acting) (11/07/18–11/26/18) Tony Liu <trliu> (acting) (11/07/18–11/26/18) Alexander Byron Welty <awelty> (11/26/18–12/14/18) Tony Liu <trliu> (11/26/18–12/14/18) Site Managers Daniel Kessler <dkessler> Kevin Kuehler <keur> Spring 2018 General Managers Sahil Hasan <shasan> Deputies: Andrew Aikawa <asai> Alexander Byron Welty <awelty> Brian Sang <baisang> Site Managers Jason Perrin <jvperrin> Abizer Lokhandwala <abizer> Deputies: Daniel Kessler <dkessler> Harrison Kuo <kuoh> Fall 2017 General Managers Brian Sang <baisang> Sahil Hasan <shasan> Deputies: Andrew Aikawa <asai> Site Managers Jason Perrin <jvperrin> Abizer Lokhandwala <abizer> Deputies: Daniel Kessler <dkessler> Harrison Kuo <kuoh> Spring 2017 General Managers Nick Impicciche <nickimp> Brian Sang <baisang> Deputies: Sahil Hasan <shasan> Site Managers Jason Perrin <jvperrin> Matthew McAllister <mattmcal> Deputies: Kevin Peng <kpengboy> Fall 2016 General Managers Nick Impicciche <nickimp> Deputies: Brian Sang <baisang> (09/26/16–11/28/16) Sahil Hasan <shasan> (10/24/16–11/28/16) Site Managers Jason Perrin <jvperrin> Matthew McAllister <mattmcal> Summer 2016 General Managers Nick Impicciche <nickimp> Site Managers Jason Perrin <jvperrin> Matthew McAllister <mattmcal> Spring 2016 General Managers Nick Impicciche <nickimp> Site Managers Jason Perrin <jvperrin> Matthew McAllister <mattmcal> Fall 2015 General Managers Nick Impicciche <nickimp> Site Managers Chris Kuehl <ckuehl> Summer 2015 General Managers Nick Impicciche <nickimp> Site Managers Chris Kuehl <ckuehl> Spring 2015 General Managers Nick Impicciche <nickimp> Site Managers Chris Kuehl <ckuehl> Fall 2014 General Managers Nick Impicciche <nickimp> Site Managers Chris Kuehl <ckuehl> Summer 2014 General Managers Nick Impicciche <nickimp> Site Managers Chris Kuehl <ckuehl> Spring 2014 General Managers Nick Impicciche <nickimp> Site Managers Chris Kuehl <ckuehl> Fall 2013 General Managers Dara Adib <daradib> Site Managers Timmy Zhu <tzhu> Summer 2013 General Managers Dara Adib <daradib> Site Managers Timmy Zhu <tzhu> Spring 2013 General Managers Dara Adib <daradib> Site Managers Timmy Zhu <tzhu> Felix Andy Wong <waf> Fall 2012 General Managers Dara Adib <daradib> Site Managers Timmy Zhu <tzhu> Sanjay Krishnan <sanjayk> Summer 2012 General Managers Dara Adib <daradib> Site Managers Felix Andy Wong <waf> Spring 2012 General Managers Dara Adib <daradib> Loren Patrick McIntyre <mcint> Site Managers Felix Andy Wong <waf> Kenneth Hui Do <kedo> Fall 2011 General Managers Dara Adib <daradib> Site Managers Felix Andy Wong <waf> Kenneth Hui Do <kedo> Summer 2011 General Managers Sherry Ann Gong <sherryg> Site Managers Dara Adib <daradib> Benjamin Eugene Ortiz <benortiz> Spring 2011 General Managers Sherry Ann Gong <sherryg> Site Managers Dara Adib <daradib> Benjamin Eugene Ortiz <benortiz> Fall 2010 General Managers Sherry Ann Gong <sherryg> Huy The Doan <simplyhd> Site Managers Sanjay Krishnan <sanjayk> Felix Andy Wong <waf> Spring 2010 General Managers Michael Shimei Gasidlo <mgasidlo> Site Managers Sanjay Krishnan <sanjayk> Alan Wong <alanw> Fall 2009 General Managers Michael Shimei Gasidlo <mgasidlo> Site Managers Sanjay Krishnan <sanjayk> Alan Wong <alanw> Spring 2009 General Managers Genevieve C Wong <gcwong> Site Managers Michael Shimei Gasidlo <mgasidlo> Jameson J Lee <jameson> Fall 2008 General Managers Genevieve C Wong <gcwong> Site Managers Michael Shimei Gasidlo <mgasidlo> Jonathan Rich Chu (milki) <jchu> Spring 2008 General Managers Gordon Mei <gordeon> Site Managers Gregory Francis Shuflin <gfs> Fall 2007 General Managers Angel Kittiyachavalit <akit> Site Managers William Mallard <wjm> (09/13/07–10/04/07) Steven Yuifai Luo <sluo> (interim) (10/04/07–10/11/07) Jonathan Rich Chu (milki) <jchu> (10/11/07–02/07/08) Spring 2007 General Managers Angel Kittiyachavalit <akit> Sue Hyun Ahnn <sahnn> Site Managers Aaron Oaks <aoaks> Elliot Block <elliot> Fall 2006 General Managers Thomson Van Nguyen <thomson> Angel Kittiyachavalit <akit> Site Managers Stephen Le <sle> Yury Arkady Sobolev <yury> Spring 2006 General Managers Toby Hocking <tdhock> Griffin Foster <griffin> Site Managers Steven Yuifai Luo <sluo> Fall 2005 General Managers Frank Joseph Cohen <frank> Site Managers Elliot Block <elliot> Spring 2005 General Managers Frank Joseph Cohen <frank> Brandon Jue <brando> Site Managers Jerjou Cheng <jerjou> Dmitriy Shirchenko <dima> Fall 2004 General Managers Eleen Chiang <eleen> Site Managers Jimmy Kittiyachavalit <jkit> George Wu <geo> Spring 2004 General Managers Eleen Chiang <eleen> Site Managers Jimmy Kittiyachavalit <jkit> Fall 2003 General Managers Jimmy Kittiyachavalit <jkit> Eleen Chiang <eleen> Site Managers Devin Jones <jones> Akop Pogosian <akopps> Spring 2003 General Managers Jeff Emrich <jeffe> Charles Patrick Feyh <cpfeyh> Site Managers Derek Chan <dwc> Randy Aoshi Chung <aoshi> Fall 2002 General Managers Emily Watt <ewhatt> Wayne Yu-Wing Chan <wyc> Site Managers Akop Pogosian <akopps> Derek Chan <dwc> Spring 2002 General Managers Stephen J.